{
  "valence": 0.28200000000000003,
  "arousal": 0.25,
  "dominance": 0.28200000000000003,
  "joy": 0.0,
  "sadness": 0.0,
  "anger": 0.0,
  "fear": 0.0,
  "trust": 0.04000000000000001,
  "surprise": 0.0,
  "emotional_stability": 0.5
}