{
  "valence": 0.17300000000000001,
  "arousal": 0.317,
  "dominance": 0.17300000000000001,
  "joy": 0.0,
  "sadness": 0.0,
  "anger": 0.0,
  "fear": 0.0,
  "trust": 0.06000000000000001,
  "surprise": 0.24,
  "emotional_stability": 0.5
}